TITLE,ARTIST,COLLECTION
Crystal Rain 62,Sonic Bloom,City Nights
Echoes of Time 82,Sonic Bloom,City Nights
Eternal Glow 43,Sonic Bloom,City Nights
Eternal Glow 67,Sonic Bloom,City Nights
Frozen Tides 24,Sonic Bloom,City Nights
Midnight Sun 37,Sonic Bloom,City Nights
Midnight Sun 64,Sonic Bloom,City Nights
Neon Dreams 19,Sonic Bloom,City Nights
Neon Dreams 27,Sonic Bloom,City Nights
Silent Whispers 45,Sonic Bloom,City Nights
Silver Skies 13,Sonic Bloom,City Nights
Silver Skies 35,Sonic Bloom,City Nights
Velvet Horizon 16,Sonic Bloom,City Nights
Crystal Rain 70,Nova Rhythm,Dreamscape
Dancing Shadows 49,Nova Rhythm,Dreamscape
Echoes of Time 14,Nova Rhythm,Dreamscape
Echoes of Time 41,Nova Rhythm,Dreamscape
Echoes of Time 5,Nova Rhythm,Dreamscape
Eternal Glow 20,Nova Rhythm,Dreamscape
Forgotten City 6,Nova Rhythm,Dreamscape
Golden Path 94,Nova Rhythm,Dreamscape
Golden Path 97,Nova Rhythm,Dreamscape
Hidden Lights 69,Nova Rhythm,Dreamscape
Ocean Mirage 80,Nova Rhythm,Dreamscape
Silent Whispers 85,Nova Rhythm,Dreamscape
Silver Skies 55,Nova Rhythm,Dreamscape
Silver Skies 75,Nova Rhythm,Dreamscape
Velvet Horizon 56,Nova Rhythm,Dreamscape
Wandering Flame 29,Nova Rhythm,Dreamscape
Crystal Rain 74,Celestial Waves,Electric Dreams
Crystal Rain 87,Celestial Waves,Electric Dreams
Dancing Shadows 1,Celestial Waves,Electric Dreams
Eternal Glow 30,Celestial Waves,Electric Dreams
Eternal Glow 65,Celestial Waves,Electric Dreams
Golden Path 73,Celestial Waves,Electric Dreams
Hidden Lights 40,Celestial Waves,Electric Dreams
Midnight Sun 44,Celestial Waves,Electric Dreams
Midnight Sun 52,Celestial Waves,Electric Dreams
Midnight Sun 98,Celestial Waves,Electric Dreams
Ocean Mirage 53,Celestial Waves,Electric Dreams
Silent Whispers 10,Celestial Waves,Electric Dreams
Silent Whispers 28,Celestial Waves,Electric Dreams
Wandering Flame 3,Celestial Waves,Electric Dreams
Crystal Rain 2,Echo Division,Golden Hour
Dancing Shadows 8,Echo Division,Golden Hour
Echoes of Time 63,Echo Division,Golden Hour
Golden Path 15,Echo Division,Golden Hour
Midnight Sun 81,Echo Division,Golden Hour
Ocean Mirage 91,Echo Division,Golden Hour
Ocean Mirage 99,Echo Division,Golden Hour
Silent Whispers 31,Echo Division,Golden Hour
Silent Whispers 42,Echo Division,Golden Hour
Silver Skies 100,Echo Division,Golden Hour
Silver Skies 7,Echo Division,Golden Hour
Wandering Flame 86,Echo Division,Golden Hour
Forgotten City 23,The Driftwood,Mystic Flow
Forgotten City 93,The Driftwood,Mystic Flow
Hidden Lights 61,The Driftwood,Mystic Flow
Midnight Sun 51,The Driftwood,Mystic Flow
Velvet Horizon 54,The Driftwood,Mystic Flow
Wandering Flame 46,The Driftwood,Mystic Flow
Dancing Shadows 34,The Skytones,Nightfall
Echoes of Time 68,The Skytones,Nightfall
Frozen Tides 89,The Skytones,Nightfall
Midnight Sun 22,The Skytones,Nightfall
Midnight Sun 48,The Skytones,Nightfall
Neon Dreams 60,The Skytones,Nightfall
Ocean Mirage 96,The Skytones,Nightfall
Dancing Shadows 90,Midnight Parade,Ocean Echoes
Eternal Glow 78,Midnight Parade,Ocean Echoes
Frozen Tides 38,Midnight Parade,Ocean Echoes
Golden Path 58,Midnight Parade,Ocean Echoes
Silent Whispers 32,Midnight Parade,Ocean Echoes
Wandering Flame 84,Midnight Parade,Ocean Echoes
Crystal Rain 36,Golden Mirage,Retro Beats
Dancing Shadows 66,Golden Mirage,Retro Beats
Dancing Shadows 76,Golden Mirage,Retro Beats
Dancing Shadows 95,Golden Mirage,Retro Beats
Echoes of Time 39,Golden Mirage,Retro Beats
Echoes of Time 59,Golden Mirage,Retro Beats
Eternal Glow 25,Golden Mirage,Retro Beats
Frozen Tides 18,Golden Mirage,Retro Beats
Frozen Tides 9,Golden Mirage,Retro Beats
Golden Path 33,Golden Mirage,Retro Beats
Midnight Sun 11,Golden Mirage,Retro Beats
Neon Dreams 72,Golden Mirage,Retro Beats
Ocean Mirage 88,Golden Mirage,Retro Beats
Silver Skies 71,Golden Mirage,Retro Beats
Velvet Horizon 79,Golden Mirage,Retro Beats
Crystal Rain 26,Aurora Lane,Summer Vibes
Dancing Shadows 4,Aurora Lane,Summer Vibes
Echoes of Time 92,Aurora Lane,Summer Vibes
Hidden Lights 47,Aurora Lane,Summer Vibes
Midnight Sun 12,Aurora Lane,Summer Vibes
Neon Dreams 83,Aurora Lane,Summer Vibes
Crystal Rain 50,Violet Arc,Wanderlust
Echoes of Time 57,Violet Arc,Wanderlust
Eternal Glow 77,Violet Arc,Wanderlust
Ocean Mirage 17,Violet Arc,Wanderlust
Silent Whispers 21,Violet Arc,Wanderlust
